"时间戳记","ID","Gender","Do you usually feel sick when using VR","General discomfort","Fatigue","Headache ","Eye strain","Difficulty focusing "," Increased salivation ","Sweating","Nausea"," Difficulty concentrating","Fullness of head","Blurred vision","Dizzy(close eyes)","Dizzy(open eyes)","Vertigo ","Stomach awareness ","Burping","Do you get sickness when you in a high speed","Does the modification relief your discomfort","Which scenes give you the best experience"
"2022/07/29 5:12:21 下午 GMT+1","1","Male","Maybe","0","0","0","0","0","0","0","0","2","0","0","0","0","0","0","0","Yes","Yes","Blur Constrain"
"2022/07/29 5:44:58 下午 GMT+1","2","Female","No","0","0","0","0","0","0","1","0","0","0","0","0","0","0","1","0","Yes","Maybe","Darken directly"
"2022/08/01 2:09:20 下午 GMT+1","3","Male","No","0","1","0","1","0","0","0","0","0","0","0","0","0","0","0","0","Yes","Yes","Edge Detect"
"2022/08/01 4:32:08 下午 GMT+1","4","Male","No","0","0","0","0","0","0","0","0","0","0","0","0","0","0","0","0","Yes","Yes","Darken directly;Edge Detect;Darken Dynamically"
"2022/08/01 7:24:37 下午 GMT+1","5","Male","No","0","0","0","0","0","0","0","0","0","0","0","0","0","0","0","0","No","Maybe","Normal foveation"
"2022/08/01 7:38:00 下午 GMT+1","6","Male","No","0","0","0","0","0","0","0","0","0","0","0","0","0","0","0","0","No","Yes","Edge Detect"
"2022/08/01 7:53:02 下午 GMT+1","7","Male","No","0","0","0","1","0","1","1","0","0","0","0","1","0","0","0","0","Yes","Maybe","Normal foveation"
"2022/08/01 8:14:03 下午 GMT+1","8","Male","Yes","1","1","0","0","0","0","0","1","0","0","0","0","0","0","0","0","Yes","No","Darken directly"
"2022/08/03 11:34:03 上午 GMT+1","9","Male","Maybe","0","0","0","0","0","0","0","0","0","0","0","0","0","0","0","0","No","Yes","Darken directly;Edge Detect;Darken Dynamically"
"2022/08/03 2:27:01 下午 GMT+1","10","Male","Maybe","1","2","2","1","0","0","0","0","1","0","0","0","0","0","0","0","Yes","Yes","Darken directly"
"2022/08/03 3:31:59 下午 GMT+1","11","Male","No","0","0","0","0","0","0","0","0","0","0","0","0","0","0","0","0","No","Yes","Darken directly;Edge Detect"
"2022/08/03 4:26:49 下午 GMT+1","12","Female","No","0","0","0","0","0","0","0","0","0","0","0","0","0","0","0","0","Yes","Yes","Darken Dynamically"